epoch,steps,cosine_pearson,cosine_spearman
0.9328358208955224,500,0.5839192411070377,0.49427880645587513
0.6529850746268657,350,0.5553951718896248,0.47831059709219004
0.6529850746268657,350,0.5568430145261941,0.4792768309839657
